Url,ean,product name
http://www.domino.pl/okucia/en/produkty/3-u-d-u0019-096-m3mlk1,5908211438665,U D-U0019-096 M3/MLK1
http://www.domino.pl/okucia/en/produkty/16-u-d-g0020-mlk5,5908211438825,U D-G0020 MLK5
http://www.domino.pl/okucia/en/produkty/2-u-d-u0019-096-m3mlk1,5908211438672,U D-U0019-096 M3/MLK2
http://www.domino.pl/okucia/en/produkty/15-u-d-g0020-mlk2,5908211438818,U D-G0020 MLK2
http://www.domino.pl/okucia/en/produkty/14-u-d-g0020-mlk1,5908211438801,U D-G0020 MLK1
http://www.domino.pl/okucia/en/produkty/1-u-d-u0019-096-m3mlk0,5908211438658,U D-U0019-096 M3/MLK0
http://www.domino.pl/okucia/en/produkty/12-u-d-u0019-096-11-mlk7,5908211438764,U D-U0019-096 11/MLK7
http://www.domino.pl/okucia/en/produkty/11-u-d-u0019-096-11-mlk5,5908211438757,U D-U0019-096 11/MLK5
http://www.domino.pl/okucia/en/produkty/13-u-d-g0020-mlk0,5908211438795,U D-G0020 MLK0
http://www.domino.pl/okucia/en/produkty/8-u-d-u0019-096-11-mlk2,5908211438726,U D-U0019-096 11/MLK2
http://www.domino.pl/okucia/en/produkty/10-u-d-u0019-096-11-mlk4,5908211438740,U D-U0019-096 11/MLK4
http://www.domino.pl/okucia/en/produkty/9-u-d-u0019-096-11-mlk3,5908211438733,U D-U0019-096 11/MLK3
http://www.domino.pl/okucia/en/produkty/6-u-d-u0019-096-11-mlk0,5908211438702,U D-U0019-096 11/MLK0
http://www.domino.pl/okucia/en/produkty/5-u-d-u0019-096-m3-mlk7,5908211438696,U D-U0019-096 M3/MLK7
http://www.domino.pl/okucia/en/produkty/7-u-d-u0019-096-11-mlk1,5908211438719,U D-U0019-096 11/MLK1
http://www.domino.pl/okucia/en/produkty/31-u-d-u0090-096-m6,5908211438641,U D-U0090-096 M6
http://www.domino.pl/okucia/en/produkty/30-u-d-u0003-064-f1,5908211438856,U D-U0003-064 F1
http://www.domino.pl/okucia/en/produkty/32-u-d-u0090-128-m6,5908211439877,U D-U0090-128 M6
http://www.domino.pl/okucia/en/produkty/4-u-d-u0019-096-m3-mlk5,5908211438689,U D-U0019-096 M3/MLK5
http://www.domino.pl/okucia/en/produkty/26-u-d-u0087-096-f1,5908211438610,U D-U0087-096 F1
http://www.domino.pl/okucia/en/produkty/25-u-d-u0043-096-inx,5908211438597,U D-U0043-096 INX
http://www.domino.pl/okucia/en/produkty/28-u-d-u0088-128-sn,5908211438634,U D-U0088-128 SN
http://www.domino.pl/okucia/en/produkty/23-u-d-u0043-096-sn,5908211438580,U D-U0043-096 SN
http://www.domino.pl/okucia/en/produkty/29-u-d-u0002-096-f1,5908211438849,U D-U0002-096 F1
http://www.domino.pl/okucia/en/produkty/27-u-d-u0087-096-inx,5908211438627,U D-U0087-096 INX
http://www.domino.pl/okucia/en/produkty/21-u-d-u0006-096-sn,5908211438566,U D-U0006-096 SN
http://www.domino.pl/okucia/en/produkty/22-u-d-u0017-128-sn,5908211438573,U D-U0017-128 SN
http://www.domino.pl/okucia/en/produkty/24-u-d-u0043-096-f1,5908211438603,U D-U0043-096 F1
http://www.domino.pl/okucia/en/produkty/19-u-d-g0028-sn,5908211438788,U D-G0028 SN
http://www.domino.pl/okucia/en/produkty/17-u-d-g0020-mlk7,5908211438832,U D-G0020 MLK7
http://www.domino.pl/okucia/en/produkty/48-u-d-u0761-416-f1,5908211440118,U D-U0761-416 F1
http://www.domino.pl/okucia/en/produkty/18-u-d-g0009-sn,5908211438771,U D-G0009 SN
http://www.domino.pl/okucia/en/produkty/20-u-d-u0006-096-m6,5908211438559,U D-U0006-096 M6
http://www.domino.pl/okucia/en/produkty/47-u-d-u0761-320-f1,5908211440095,U D-U0761-320 F1
http://www.domino.pl/okucia/en/produkty/46-u-d-u0761-288-f1,5908211440071,U D-U0761-288 F1
http://www.domino.pl/okucia/en/produkty/45-u-d-u0761-256-f1,5908211440057,U D-U0761-256 F1
http://www.domino.pl/okucia/en/produkty/41-u-d-u0761-128-f1,5908211439976,U D-U0761-128 F1
http://www.domino.pl/okucia/en/produkty/43-u-d-u0761-192-f1,5908211440019,U D-U0761-192 F1
http://www.domino.pl/okucia/en/produkty/44-u-d-u0761-224-f1,5908211440033,U D-U0761-224 F1
http://www.domino.pl/okucia/en/produkty/42-u-d-u0761-160-f1,5908211439990,U D-U0761-160 F1
http://www.domino.pl/okucia/en/produkty/40-u-d-u0761-096-f1,5908211439952,U D-U0761-096 F1
http://www.domino.pl/okucia/en/produkty/39-u-d-u0045-128-f1,5908211439938,U D-U0045-128 F1
http://www.domino.pl/okucia/en/produkty/38-u-d-u0045-128-inx,5908211439945,U D-U0045-128 INX
http://www.domino.pl/okucia/en/produkty/64-wieszak-wysuwany-l350-m9,5908211440170,Wieszak wysuwany L350 M9
http://www.domino.pl/okucia/en/produkty/36-u-d-u0045-128-m6,5908211439914,U D-U0045-128 M6
http://www.domino.pl/okucia/en/produkty/37-u-d-u0045-128-sn,5908211439921,U D-U0045-128 SN
http://www.domino.pl/okucia/en/produkty/34-u-d-u0090-128-inx,5908211439907,U D-U0090-128 INX
http://www.domino.pl/okucia/en/produkty/62-wieszak-wysuwany-l250-m9,5908211440156,Wieszak wysuwany L250 M9
http://www.domino.pl/okucia/en/produkty/63-wieszak-wysuwany-l300-m9,5908211440163,Wieszak wysuwany L300 M9
http://www.domino.pl/okucia/en/produkty/35-u-d-u0090-128-f1,5908211439891,U D-U0090-128 F1
http://www.domino.pl/okucia/en/produkty/58-u-d-u0761-416-inx,5908211440125,U D-U0761-416 INX
http://www.domino.pl/okucia/en/produkty/57-u-d-u0761-320-inx,5908211440101,U D-U0761-320 INX
http://www.domino.pl/okucia/en/produkty/61-noga-regulowana-rurowa-710-mm-satyna,5908211437385,Noga Regulowana rurowa 710 mm satyna
http://www.domino.pl/okucia/en/produkty/56-u-d-u0761-288-inx,5908211440088,U D-U0761-288 INX
http://www.domino.pl/okucia/en/produkty/60-noga-regulowana-rurowa-710-mm-chrom,5908211437392,Noga Regulowana rurowa 710 mm chrom
http://www.domino.pl/okucia/en/produkty/59-u-d-u0761-480-inx,5908211440149,U D-U0761-480 INX
http://www.domino.pl/okucia/en/produkty/53-u-d-u0761-192-inx,5908211440026,U D-U0761-192 INX
http://www.domino.pl/okucia/en/produkty/55-u-d-u0761-256-inx,5908211440064,U D-U0761-256 INX
http://www.domino.pl/okucia/en/produkty/49-u-d-u0761-480-f1,5908211440132,U D-U0761-480 F1
http://www.domino.pl/okucia/en/produkty/50-u-d-u0761-096-inx,5908211439969,U D-U0761-096 INX
http://www.domino.pl/okucia/en/produkty/52-u-d-u0761-160-inx,5908211440002,U D-U0761-160 INX
http://www.domino.pl/okucia/en/produkty/51-u-d-u0761-128-inx,5908211439983,U D-U0761-128 INX
http://www.domino.pl/okucia/en/produkty/54-u-d-u0761-224-inx,5908211440040,U D-U0761-224 INX
http://www.domino.pl/okucia/en/produkty/33-u-d-u0090-128-sn,5908211439884,U D-U0090-128 SN
http://www.domino.pl/okucia/en/produkty/80-prowadnica-kulkowa-sl3431-peny-wysuw-h45-l250-srebrna,5908211439426,Prowadnica kulkowa SL3431 pełny wysuw H45 L250 srebrna
http://www.domino.pl/okucia/en/produkty/78-prowadnica-kulkowa-sl3352-peny-wysuw-h35-l550-srebrna,5908211439563,Prowadnica kulkowa SL3352 pełny wysuw H35 L550 srebrna
http://www.domino.pl/okucia/en/produkty/79-prowadnica-kulkowa-sl3352-peny-wysuw-h35-l600-srebrna,5908211439570,Prowadnica kulkowa SL3352 pełny wysuw H35 L600 srebrna
http://www.domino.pl/okucia/en/produkty/77-prowadnica-kulkowa-sl3352-peny-wysuw-h35-l500-srebrna,5908211439556,Prowadnica kulkowa SL3352 pełny wysuw H35 L500 srebrna
http://www.domino.pl/okucia/en/produkty/70-drek-meblowy-3m-x-08mm-fi-25-m6,5908211440231,"Drążek meblowy 3m X 0,8mm FI 25 M6"
http://www.domino.pl/okucia/en/produkty/71-rozeta-do-drka-fi-25-m6,5908211440248,Rozeta do drążka FI 25 M6
http://www.domino.pl/okucia/en/produkty/74-prowadnica-kulkowa-sl3352-peny-wysuw-h35-l350-srebrna,5908211439525,Prowadnica kulkowa SL3352 pełny wysuw H35 L350 srebrna
http://www.domino.pl/okucia/en/produkty/68-pantograf-do-szafy-l830-1150-m6-szary,5908211440224,Pantograf do szafy L830-1150 M6 (szary)
http://www.domino.pl/okucia/en/produkty/76-prowadnica-kulkowa-sl3352-peny-wysuw-h35-l450-srebrna,5908211439549,Prowadnica kulkowa SL3352 pełny wysuw H35 L450 srebrna
http://www.domino.pl/okucia/en/produkty/72-prowadnica-kulkowa-sl3352-peny-wysuw-h35-l250-srebrna,5908211439501,Prowadnica kulkowa SL3352 pełny wysuw H35 L250 srebrna
http://www.domino.pl/okucia/en/produkty/65-wieszak-wysuwany-l400-m9,5908211440187,Wieszak wysuwany L400 M9
http://www.domino.pl/okucia/en/produkty/73-prowadnica-kulkowa-sl3352-peny-wysuw-h35-l300-srebrna,5908211439518,Prowadnica kulkowa SL3352 pełny wysuw H35 L300 srebrna
http://www.domino.pl/okucia/en/produkty/66-wieszak-wysuwany-l450-m9,5908211440194,Wieszak wysuwany L450 M9
http://www.domino.pl/okucia/en/produkty/95-u-d-u0055-96-inx,5908211436241,U D-U0055-096 INX
http://www.domino.pl/okucia/en/produkty/75-prowadnica-kulkowa-sl3352-peny-wysuw-h35-l400-srebrna,5908211439532,Prowadnica kulkowa SL3352 pełny wysuw H35 L400 srebrna
http://www.domino.pl/okucia/en/produkty/94-u-d-g0055-inx,5908211436258,U D-G0055 INX
http://www.domino.pl/okucia/en/produkty/93-u-d-u0100-96-m3,5908211436289,U D-U0100-096 M3
http://www.domino.pl/okucia/en/produkty/96-u-d-g7160-m6-k,5908211436425,U D-G7160 M6/K
http://www.domino.pl/okucia/en/produkty/69-pantograf-do-szafy-l600-830-m6-szary,5908211440217,Pantograf do szafy L600-830 M6 (szary)
http://www.domino.pl/okucia/en/produkty/67-wieszak-wysuwany-l500-m9,5908211440200,Wieszak wysuwany L500 M9
http://www.domino.pl/okucia/en/produkty/89-prowadnica-kulkowa-sl3431-peny-wysuw-h45-l700-srebrna,5908211440262,Prowadnica kulkowa SL3431 pełny wysuw H45 L700 srebrna
http://www.domino.pl/okucia/en/produkty/90-u-d-g0107-m3,5908211436302,U D-G0107 M3
http://www.domino.pl/okucia/en/produkty/92-u-d-u0100-76-m3,5908211440552,U D-U0100-076 M3
http://www.domino.pl/okucia/en/produkty/87-prowadnica-kulkowa-sl3431-peny-wysuw-h45-l600-srebrna,5908211439495,Prowadnica kulkowa SL3431 pełny wysuw H45 L600 srebrna
http://www.domino.pl/okucia/en/produkty/86-prowadnica-kulkowa-sl3431-peny-wysuw-h45-l550-srebrna,5908211439488,Prowadnica kulkowa SL3431 pełny wysuw H45 L550 srebrna
http://www.domino.pl/okucia/en/produkty/91-u-d-g0100-m3,5908211436296,U D-G0100 M3
http://www.domino.pl/okucia/en/produkty/88-prowadnica-kulkowa-sl3431-peny-wysuw-h45-l650-srebrna,5908211440255,Prowadnica kulkowa SL3431 pełny wysuw H45 L650 srebrna
http://www.domino.pl/okucia/en/produkty/83-prowadnica-kulkowa-sl3431-peny-wysuw-h45-l400-srebrna,5908211439457,Prowadnica kulkowa SL3431 pełny wysuw H45 L400 srebrna
http://www.domino.pl/okucia/en/produkty/82-prowadnica-kulkowa-sl3431-peny-wysuw-h45-l350-srebrna,5908211439440,Prowadnica kulkowa SL3431 pełny wysuw H45 L350 srebrna
http://www.domino.pl/okucia/en/produkty/85-prowadnica-kulkowa-sl3431-peny-wysuw-h45-l500-srebrna,5908211439471,Prowadnica kulkowa SL3431 pełny wysuw H45 L500 srebrna
http://www.domino.pl/okucia/en/produkty/109-u-d-g7106-m3,5908211436357,U D-G7106 M3
http://www.domino.pl/okucia/en/produkty/84-prowadnica-kulkowa-sl3431-peny-wysuw-h45-l450-srebrna,5908211439464,Prowadnica kulkowa SL3431 pełny wysuw H45 L450 srebrna
http://www.domino.pl/okucia/en/produkty/108-u-d-u0113-96-m3,5908211436265,U D-U0113-096 M3
http://www.domino.pl/okucia/en/produkty/81-prowadnica-kulkowa-sl3431-peny-wysuw-h45-l300-srebrna,5908211439433,Prowadnica kulkowa SL3431 pełny wysuw H45 L300 srebrna
http://www.domino.pl/okucia/en/produkty/110-u-d-u6668-64-m3,5908211436340,U D-U6668-064 M3
http://www.domino.pl/okucia/en/produkty/107-u-d-g0113-m3,5908211436272,U D-G0113 M3
http://www.domino.pl/okucia/en/produkty/106-u-d-u6706-128-m3,5908211436456,U D-U6706-128 M3
http://www.domino.pl/okucia/en/produkty/111-u-d-u5542-96-m3,5908211436326,U D-U5542-096 M3
http://www.domino.pl/okucia/en/produkty/112-u-d-u5542-128-m3,5908211436333,U D-U5542-128 M3
http://www.domino.pl/okucia/en/produkty/103-u-d-g7166-m3,5908211436449,U D-G7166 M3
http://www.domino.pl/okucia/en/produkty/102-u-d-u0007-128-m3,5908211436470,U D-U0007-128 M3
http://www.domino.pl/okucia/en/produkty/105-u-d-g7148-m3,5908211436463,U D-G7148 M3
http://www.domino.pl/okucia/en/produkty/100-u-d-g0007-m3,5908211436166,U D-G0007 M3
http://www.domino.pl/okucia/en/produkty/99-u-d-u0025-128-m6-m9,5908211436234,U D-U0025-128 M6/M9
http://www.domino.pl/okucia/en/produkty/101-u-d-u0007-96-m3,5908211436197,U D-U0007-096 M3
http://www.domino.pl/okucia/en/produkty/104-u-d-u6721-96-m3,5908211436432,U D-U6721-096 M3
http://www.domino.pl/okucia/en/produkty/98-u-d-u0025-96-m6-m9,5908211436227,U D-U0025-096 M6/M9
http://www.domino.pl/okucia/en/produkty/127-u-d-u0074-192-f1-m6,5908211436647,U D-U0074-192 F1/M6
http://www.domino.pl/okucia/en/produkty/125-u-d-u0021-96-m3-mlk4,5908211436548,U D-U0021-096 M3/MLK4
http://www.domino.pl/okucia/en/produkty/124-u-d-u0021-96-m3-mlk3,5908211436555,U D-U0021-096 M3/MLK3
http://www.domino.pl/okucia/en/produkty/97-u-d-u6710-96-m6-k,5908211436418,U D-U6710-096 M6/K
http://www.domino.pl/okucia/en/produkty/126-u-d-u0074-128-f1-m6,5908211436630,U D-U0074-128 F1/M6
http://www.domino.pl/okucia/en/produkty/123-u-d-u0019-96-m3-mlk4,5908211436524,U D-U0019-096 M3/MLK4
http://www.domino.pl/okucia/en/produkty/119-u-d-g0020-mlk3,5908211436593,U D-G0020 MLK3
http://www.domino.pl/okucia/en/produkty/122-u-d-u0019-96-m3-mlk3,5908211436531,U D-U0019-096 M3/MLK3
http://www.domino.pl/okucia/en/produkty/128-wieszak-whzb01-m3,5908211435411,Wieszak WHZB01 M3
http://www.domino.pl/okucia/en/produkty/121-u-d-g0019-m3-mlk4,5908211436562,U D-G0019 M3/MLK4
http://www.domino.pl/okucia/en/produkty/115-u-d-g3001-m3,5908211436388,U D-G3001 M3
http://www.domino.pl/okucia/en/produkty/116-u-d-u3001-96-m3,5908211436364,U D-U3001-096 M3
http://www.domino.pl/okucia/en/produkty/118-u-d-g0020-mlk4,5908211436586,U D-G0020 MLK4
http://www.domino.pl/okucia/en/produkty/120-u-d-g0019-m3-mlk3,5908211436579,U D-G0019 M3/MLK3
http://www.domino.pl/okucia/en/produkty/113-u-d-g7161-m3,5908211436401,U D-G7161 M3
http://www.domino.pl/okucia/en/produkty/142-wieszak-d-w079h-m91-m6,5908211436685,Wieszak D-W079H M91/M6
http://www.domino.pl/okucia/en/produkty/143-u-d-u0502-128-160-m6-white,5908211436692,U D-U0502-128/160 M6 WHITE
http://www.domino.pl/okucia/en/produkty/144-u-d-u0502-128-160-m91-white,5908211436708,U D-U0502-128/160 M91 WHITE
http://www.domino.pl/okucia/en/produkty/114-u-d-u6711-96-m3,5908211436395,U D-U6711-096 M3
http://www.domino.pl/okucia/en/produkty/139-wieszak-whzb06-m9,5908211435374,Wieszak WHZB06 M9
http://www.domino.pl/okucia/en/produkty/141-wieszak-d-w075h-m91-m6,5908211436661,Wieszak D-W075H M91/M6
http://www.domino.pl/okucia/en/produkty/117-u-d-u3001-128-m3,5908211436371,U D-U3001-128 M3
http://www.domino.pl/okucia/en/produkty/140-wieszak-d-w074h-m3-mat,5908211436678,Wieszak D-W074H M3 MAT
http://www.domino.pl/okucia/en/produkty/138-wieszak-whzb06-m6,5908211435367,Wieszak WHZB06 M6
http://www.domino.pl/okucia/en/produkty/134-wieszak-whzb04-m3,5908211435381,Wieszak WHZB04 M3
http://www.domino.pl/okucia/en/produkty/135-wieszak-whzb04-m6,5908211435398,Wieszak WHZB04 M6
http://www.domino.pl/okucia/en/produkty/137-wieszak-whzb06-m3,5908211435350,Wieszak WHZB06 M3
http://www.domino.pl/okucia/en/produkty/136-wieszak-whzb04-m9,5908211435404,Wieszak WHZB04 M9
http://www.domino.pl/okucia/en/produkty/132-wieszak-whzb02-m6,5908211435336,Wieszak WHZB02 M6
http://www.domino.pl/okucia/en/produkty/133-wieszak-whzb02-m9,5908211435343,Wieszak WHZB02 M9
http://www.domino.pl/okucia/en/produkty/131-wieszak-whzb02-m3,5908211435329,Wieszak WHZB02 M3
http://www.domino.pl/okucia/en/produkty/156-u-d-u2003-128-160-m91,5908211436821,U D-U2003-128/160 M91
http://www.domino.pl/okucia/en/produkty/160-u-d-u2007-128-m91,5908211436869,U D-U2007-128 M91
http://www.domino.pl/okucia/en/produkty/158-u-d-u2004-128-160-m3-mat,5908211436845,U D-U2004-128/160 M3 MAT
http://www.domino.pl/okucia/en/produkty/153-u-d-g551k-m6-black,5908211436791,U D-G551K M6 BLACK
http://www.domino.pl/okucia/en/produkty/157-u-d-u2004-128-160-m91,5908211436838,U D-U2004-128/160 M91
http://www.domino.pl/okucia/en/produkty/152-u-d-g551k-m91-white,5908211436784,U D-G551K M91 WHITE
http://www.domino.pl/okucia/en/produkty/155-u-d-u2003-128-160-m6,5908211436814,U D-U2003-128/160 M6
http://www.domino.pl/okucia/en/produkty/150-u-d-g550k-m91-black,5908211436760,U D-G550K M91 BLACK
http://www.domino.pl/okucia/en/produkty/159-u-d-u2007-128-m6,5908211436852,U D-U2007-128 M6
http://www.domino.pl/okucia/en/produkty/151-u-d-g551k-m6-white,5908211436777,U D-G551K M6 WHITE
http://www.domino.pl/okucia/en/produkty/154-u-d-g551k-m91-black,5908211436807,U D-G551K M91 BLACK
http://www.domino.pl/okucia/en/produkty/149-u-d-g550k-m6-black,5908211436753,U D-G550K M6 BLACK
http://www.domino.pl/okucia/en/produkty/147-u-d-g550k-m6-white,5908211436739,U D-G550K M6 WHITE
http://www.domino.pl/okucia/en/produkty/148-u-d-g550k-m91-white,5908211436746,U D-G550K M91 WHITE
http://www.domino.pl/okucia/en/produkty/146-u-d-u0502-128-160-m91-black,5908211436722,U D-U0502-128/160 M91 BLACK
http://www.domino.pl/okucia/en/produkty/175-u-d-u0450-192-m6,5908211437484,U D-U0450-192 M6
http://www.domino.pl/okucia/en/produkty/130-wieszak-whzb01-m9,5908211435435,Wieszak WHZB01 M9
http://www.domino.pl/okucia/en/produkty/174-u-d-u0450-160-m6,5908211437477,U D-U0450-160 M6
http://www.domino.pl/okucia/en/produkty/145-u-d-u0502-128-160-m6-black,5908211436715,U D-U0502-128/160 M6 BLACK
http://www.domino.pl/okucia/en/produkty/173-u-d-u0450-128-m6,5908211437460,U D-U0450-128 M6
http://www.domino.pl/okucia/en/produkty/176-u-d-u0450-224-m6,5908211437491,U D-U0450-224 M6
http://www.domino.pl/okucia/en/produkty/172-u-d-u0450-96-m6,5908211437453,U D-U0450-096 M6
http://www.domino.pl/okucia/en/produkty/171-u-d-g0450-m6,5908211437446,U D-G0450 M6
http://www.domino.pl/okucia/en/produkty/170-u-d-g3010k-m91,5908211436968,U D-G3010K M91
http://www.domino.pl/okucia/en/produkty/169-u-d-g3010k-m6,5908211436951,U D-G3010K M6
http://www.domino.pl/okucia/en/produkty/168-u-d-u2016-128-160-m3-mat,5908211436937,U D-U2016-128/160 M3 MAT
http://www.domino.pl/okucia/en/produkty/191-u-d-u3008-192-m6,5908211437644,U D-U3008-192 M6
http://www.domino.pl/okucia/en/produkty/192-u-d-u3008-96-sn,5908211437651,U D-U3008-096 SN
http://www.domino.pl/okucia/en/produkty/164-u-d-u2008-128-m91,5908211436906,U D-U2008-128 M91
http://www.domino.pl/okucia/en/produkty/166-u-d-u2008-160-m91,5908211436920,U D-U2008-160 M91
http://www.domino.pl/okucia/en/produkty/167-u-d-u2016-128-160-m91,5908211436944,U D-U2016-128/160 M91
http://www.domino.pl/okucia/en/produkty/190-u-d-u3008-160-m6,5908211437637,U D-U3008-160 M6
http://www.domino.pl/okucia/en/produkty/188-u-d-u3008-96-m6,5908211437613,U D-U3008-096 M6
http://www.domino.pl/okucia/en/produkty/165-u-d-u2008-160-m6,5908211436913,U D-U2008-160 M6
http://www.domino.pl/okucia/en/produkty/189-u-d-u3008-128-m6,5908211437620,U D-U3008-128 M6
http://www.domino.pl/okucia/en/produkty/184-u-d-u5101-256-f1,5908211437576,U D-U5101-256 F1
http://www.domino.pl/okucia/en/produkty/187-u-d-u5101-256-m6,5908211437606,U D-U5101-256 M6
http://www.domino.pl/okucia/en/produkty/186-u-d-u5101-160-m6,5908211437590,U D-U5101-160 M6
http://www.domino.pl/okucia/en/produkty/185-u-d-u5101-128-m6,5908211437583,U D-U5101-128 M6
http://www.domino.pl/okucia/en/produkty/182-u-d-u5101-128-f1,5908211437552,U D-U5101-128 F1
http://www.domino.pl/okucia/en/produkty/181-u-d-u0449-224-m6,5908211437545,U D-U0449-224 M6
http://www.domino.pl/okucia/en/produkty/180-u-d-u0449-192-m6,5908211437538,U D-U0449-192 M6
http://www.domino.pl/okucia/en/produkty/178-u-d-u0449-128-m6,5908211437514,U D-U0449-128 M6
http://www.domino.pl/okucia/en/produkty/177-u-d-g0449-m6,5908211437507,U D-G0449 M6
http://www.domino.pl/okucia/en/produkty/179-u-d-u0449-160-m6,5908211437521,U D-U0449-160 M6
http://www.domino.pl/okucia/en/produkty/163-u-d-u2008-128-m6,5908211436890,U D-U2008-128 M6
http://www.domino.pl/okucia/en/produkty/208-u-d-u0104-160-f1-m6,5908211437903,U D-U0104-160 F1/M6
http://www.domino.pl/okucia/en/produkty/205-u-d-u0738-96-m6,5908211437873,U D-U0738-096 M6
http://www.domino.pl/okucia/en/produkty/204-u-d-g0738-m6,5908211437866,U D-G0738 M6
http://www.domino.pl/okucia/en/produkty/203-u-d-g0732-f1-m6,5908211437859,U D-G0732 F1/M6
http://www.domino.pl/okucia/en/produkty/183-u-d-u5101-160-f1,5908211437569,U D-U5101-160 F1
http://www.domino.pl/okucia/en/produkty/207-u-d-u0104-128-f1-m6,5908211437897,U D-U0104-128 F1/M6
http://www.domino.pl/okucia/en/produkty/206-u-d-u0738-128-m6,5908211437880,U D-U0738-128 M6
http://www.domino.pl/okucia/en/produkty/201-u-d-u0730-160-sn,5908211437842,U D-U0730-160 SN
http://www.domino.pl/okucia/en/produkty/202-u-d-u0730-160-m6,5908211437835,U D-U0730-160 M6
http://www.domino.pl/okucia/en/produkty/196-u-d-u3008-96-inx,5908211437699,U D-U3008-096 INX
http://www.domino.pl/okucia/en/produkty/198-u-d-u3008-160-inx,5908211437712,U D-U3008-160 INX
http://www.domino.pl/okucia/en/produkty/199-u-d-u3008-192-inx,5908211437729,U D-U3008-192 INX
http://www.domino.pl/okucia/en/produkty/197-u-d-u3008-128-inx,5908211437705,U D-U3008-128 INX
http://www.domino.pl/okucia/en/produkty/200-u-d-u3062-160-f1,5908211438061,U D-U3062-160 F1
http://www.domino.pl/okucia/en/produkty/224-u-d-u3008-256-m6,5908211438481,U D-U3008-256 M6
http://www.domino.pl/okucia/en/produkty/221-u-d-u0101-128-96-f1-m6,5908211438047,U D-U0101-128/96 F1/M6
http://www.domino.pl/okucia/en/produkty/195-u-d-u3008-192-sn,5908211437682,U D-U3008-192 SN
http://www.domino.pl/okucia/en/produkty/223-u-d-u3008-224-m6,5908211438474,U D-U3008-224 M6
http://www.domino.pl/okucia/en/produkty/194-u-d-u3008-160-sn,5908211437675,U D-U3008-160 SN
http://www.domino.pl/okucia/en/produkty/218-u-d-u0133-192-f1-m6,5908211438009,U D-U0133-192 F1/M6
http://www.domino.pl/okucia/en/produkty/217-u-d-u0133-160-f1-m6,5908211437996,U D-U0133-160 F1/M6
http://www.domino.pl/okucia/en/produkty/220-u-d-u0133-256-f1-m6,5908211438023,U D-U0133-256 F1/M6
http://www.domino.pl/okucia/en/produkty/215-u-d-g0133-f1-m6,5908211437972,U D-G0133 F1/M6
http://www.domino.pl/okucia/en/produkty/219-u-d-u0133-224-f1m6,5908211438016,U D-U0133-224 F1M6
http://www.domino.pl/okucia/en/produkty/212-u-d-u0121-160-f1-m6,5908211437941,U D-U0121-160 F1/M6
http://www.domino.pl/okucia/en/produkty/222-u-d-u0101-160-128-f1-m6,5908211438054,U D-U0101-160/128 F1/M6
http://www.domino.pl/okucia/en/produkty/214-u-d-u0121-224-f1-m6,5908211437965,U D-U0121-224 F1/M6
http://www.domino.pl/okucia/en/produkty/210-u-d-u0121-96-f1-m6,5908211437927,U D-U0121-096 F1/M6
http://www.domino.pl/okucia/en/produkty/240-u-d-u3008-704-m6,5908211438979,U D-U3008-704 M6
http://www.domino.pl/okucia/en/produkty/211-u-d-u0121-128-f1-m6,5908211437934,U D-U0121-128 F1/M6
http://www.domino.pl/okucia/en/produkty/239-u-d-u3008-736-m6,5908211438986,U D-U3008-736 M6
http://www.domino.pl/okucia/en/produkty/234-u-d-u3008-448-m6,5908211438900,U D-U3008-448 M6
http://www.domino.pl/okucia/en/produkty/213-u-d-u0121-192-f1-m6,5908211437958,U D-U0121-192 F1/M6
http://www.domino.pl/okucia/en/produkty/236-u-d-u3008-512-m6,5908211438924,U D-U3008-512 M6
http://www.domino.pl/okucia/en/produkty/237-u-d-u3008-576-m6,5908211438931,U D-U3008-576 M6
http://www.domino.pl/okucia/en/produkty/216-u-d-u0133-128-f1-m6,5908211437989,U D-U0133-128 F1/M6
http://www.domino.pl/okucia/en/produkty/238-u-d-u3008-768-m6,5908211438993,U D-U3008-768 M6
http://www.domino.pl/okucia/en/produkty/235-u-d-u3008-480-m6,5908211438917,U D-U3008-480 M6
http://www.domino.pl/okucia/en/produkty/233-u-d-u3008-416-m6,5908211438894,U D-U3008-416 M6
http://www.domino.pl/okucia/en/produkty/232-u-d-u3008-384-m6,5908211438887,U D-U3008-384 M6
http://www.domino.pl/okucia/en/produkty/228-u-d-u3008-256-sn,5908211438528,U D-U3008-256 SN
http://www.domino.pl/okucia/en/produkty/230-u-d-u3008-352-sn,5908211438542,U D-U3008-352 SN
http://www.domino.pl/okucia/en/produkty/229-u-d-u3008-320-sn,5908211438535,U D-U3008-320 SN
http://www.domino.pl/okucia/en/produkty/226-u-d-u3008-352-m6,5908211438504,U D-U3008-352 M6
http://www.domino.pl/okucia/en/produkty/225-u-d-u3008-320-m6,5908211438498,U D-U3008-320 M6
http://www.domino.pl/okucia/en/produkty/162-u-d-u2007-160-m91,5908211436883,U D-U2007-160 M91
http://www.domino.pl/okucia/en/produkty/193-u-d-u3008-128-sn,5908211437668,U D-U3008-128 SN
http://www.domino.pl/okucia/en/produkty/231-u-d-u3008-288-m6,5908211438870,U D-U3008-288 M6
http://www.domino.pl/okucia/en/produkty/254-u-d-u3008-640-sn,5908211439082,U D-U3008-640 SN
http://www.domino.pl/okucia/en/produkty/256-u-d-u3008-576-sn,5908211439068,U D-U3008-576 SN
http://www.domino.pl/okucia/en/produkty/227-u-d-u3008-224-sn,5908211438511,U D-U3008-224 SN
http://www.domino.pl/okucia/en/produkty/253-u-d-u3008-672-sn,5908211439099,U D-U3008-672 SN
http://www.domino.pl/okucia/en/produkty/209-u-d-u0104-192-f1-m6,5908211437910,U D-U0104-192 F1/M6
http://www.domino.pl/okucia/en/produkty/251-u-d-u3008-736-sn,5908211439112,U D-U3008-736 SN
http://www.domino.pl/okucia/en/produkty/255-u-d-u3008-608-sn,5908211439075,U D-U3008-608 SN
http://www.domino.pl/okucia/en/produkty/250-u-d-u3008-768-sn,5908211439129,U D-U3008-768 SN
http://www.domino.pl/okucia/en/produkty/252-u-d-u3008-704-sn,5908211439105,U D-U3008-704 SN
http://www.domino.pl/okucia/en/produkty/247-u-d-u3008-416-sn,5908211439020,U D-U3008-416 SN
http://www.domino.pl/okucia/en/produkty/244-u-d-u3008-512-sn,5908211439051,U D-U3008-512 SN
http://www.domino.pl/okucia/en/produkty/246-u-d-u3008-448-sn,5908211439037,U D-U3008-448 SN
http://www.domino.pl/okucia/en/produkty/243-u-d-u3008-608-m6,5908211438948,U D-U3008-608 M6
http://www.domino.pl/okucia/en/produkty/245-u-d-u3008-480-sn,5908211439044,U D-U3008-480 SN
http://www.domino.pl/okucia/en/produkty/249-u-d-u3008-288-sn,5908211439006,U D-U3008-288 SN
http://www.domino.pl/okucia/en/produkty/248-u-d-u3008-384-sn,5908211439013,U D-U3008-384 SN
http://www.domino.pl/okucia/en/produkty/271-u-d-u2066-288-f9,5908211440521,U D-U2066-288 F9
http://www.domino.pl/okucia/en/produkty/270-u-d-u2066-256-f9,5908211440514,U D-U2066-256 F9
http://www.domino.pl/okucia/en/produkty/268-u-d-u2066-160-f9,5908211440491,U D-U2066-160 F9
http://www.domino.pl/okucia/en/produkty/267-u-d-u2066-128-f9,5908211440484,U D-U2066-128 F9
http://www.domino.pl/okucia/en/produkty/269-u-d-u2066-224-f9,5908211440507,U D-U2066-224 F9
http://www.domino.pl/okucia/en/produkty/266-u-d-u0678-160-f9,5908211440477,U D-U0678-160 F9
http://www.domino.pl/okucia/en/produkty/272-u-d-u2066-320-f9,5908211440538,U D-U2066-320 F9
http://www.domino.pl/okucia/en/produkty/265-u-d-u0678-128-f9,5908211440460,U D-U0678-128 F9
http://www.domino.pl/okucia/en/produkty/242-u-d-u3008-640-m6,5908211438955,U D-U3008-640 M6
http://www.domino.pl/okucia/en/produkty/262-u-d-u0673-128-f9,5908211440439,U D-U0673-128 F9
http://www.domino.pl/okucia/en/produkty/261-u-d-u0811-128-m9,5908211440330,U D-U0811-128 M9
http://www.domino.pl/okucia/en/produkty/260-u-d-u0811-160-m9,5908211440347,U D-U0811-160 M9
http://www.domino.pl/okucia/en/produkty/258-u-d-u8451-032-m9,5908211440286,U D-U8451-032 M9
http://www.domino.pl/okucia/en/produkty/259-u-d-u8451-064-m9,5908211440293,U D-U8451-064 M9
http://www.domino.pl/okucia/en/produkty/263-u-d-u0673-160-f9,5908211440446,U D-U0673-160 F9
http://www.domino.pl/okucia/en/produkty/264-u-d-u0673-192-f9,5908211440453,U D-U0673-192 F9
http://www.domino.pl/okucia/en/produkty/161-u-d-u2007-160-m6,5908211436876,U D-U2007-160 M6
http://www.domino.pl/okucia/en/produkty/241-u-d-u3008-672-m6,5908211438962,U D-U3008-672 M6
http://www.domino.pl/okucia/en/produkty/129-wieszak-whzb01-m6,5908211435428,Wieszak WHZB01 M6
http://www.domino.pl/okucia/en/produkty/273-u-d-gx1010-m9-amber,5908211440545,U D-GX1010 M9 AMBER
http://www.domino.pl/okucia/en/produkty/257-u-d-u8329-032-m9,5908211440279,U D-U8329-032 M9
